epoch,time,train/box_loss,train/cls_loss,train/dfl_loss,train/classify_loss,metrics/precision(B),metrics/recall(B),metrics/mAP50(B),metrics/mAP50-95(B),top1_acc,top5_acc,f1_score,val/box_loss,val/cls_loss,val/dfl_loss,val/classify_loss,lr/pg0,lr/pg1,lr/pg2
1,653.407,3.43485,4.74359,3.1227,2.23486,0.43884,0.0896,0.05728,0.01969,0.39047,0.88887,0.05114,2.60617,2.87241,2.24624,1.83151,0.00332731,0.00332731,0.00332731
2,1290.95,2.26612,2.66735,1.87016,1.7597,0.48651,0.13715,0.11881,0.05542,0.39037,0.88919,0.05105,1.99367,2.13836,1.73216,1.78232,0.00663866,0.00663866,0.00663866
3,1944.38,2.01362,2.2741,1.64573,1.70573,0.35842,0.17508,0.14014,0.06707,0.39037,0.88919,0.05105,1.86928,2.17572,1.63725,1.77352,0.00992801,0.00992801,0.00992801
4,2569.48,1.90438,2.1201,1.55824,1.70086,0.53192,0.17733,0.15945,0.07994,0.36516,0.89509,0.0916,1.80183,1.9447,1.56529,1.78228,0.009901,0.009901,0.009901
5,3188.5,1.81711,2.01107,1.50124,1.69625,0.27532,0.22075,0.17808,0.09128,0.39165,0.89144,0.0522,1.7101,1.84715,1.49302,1.77184,0.009868,0.009868,0.009868
6,3813.96,1.76645,1.93659,1.45775,1.68751,0.2248,0.23056,0.19076,0.09828,0.39305,0.89755,0.05385,1.66425,1.8033,1.47371,1.73194,0.009835,0.009835,0.009835
7,4436.5,1.73061,1.88664,1.44256,1.6851,0.24225,0.23032,0.18865,0.098,0.4071,0.89788,0.06581,1.64995,1.78786,1.45619,1.6944,0.009802,0.009802,0.009802
8,5063.02,1.70437,1.84528,1.41993,1.6793,0.28445,0.26522,0.20865,0.10992,0.39809,0.9041,0.05787,1.62705,1.71906,1.43436,1.71918,0.009769,0.009769,0.009769
9,5681.7,1.68558,1.81879,1.40935,1.67232,0.27044,0.28343,0.22237,0.11726,0.40324,0.90882,0.07072,1.59767,1.68036,1.41423,1.68753,0.009736,0.009736,0.009736
10,6299.55,1.66925,1.79829,1.39568,1.67103,0.29479,0.29323,0.22852,0.12043,0.40946,0.90313,0.06609,1.59845,1.67776,1.41493,1.68874,0.009703,0.009703,0.009703
11,6927.54,1.65389,1.77711,1.38963,1.66627,0.30095,0.2881,0.23474,0.12428,0.3997,0.90517,0.05944,1.56736,1.64604,1.40017,1.69472,0.00967,0.00967,0.00967
12,7550.21,1.64343,1.75611,1.37796,1.66081,0.30449,0.30252,0.24671,0.1307,0.39487,0.90367,0.05888,1.55715,1.6216,1.38938,1.69577,0.009637,0.009637,0.009637
13,8170.74,1.62918,1.73898,1.37024,1.65739,0.31203,0.30677,0.25084,0.13506,0.39927,0.90142,0.05998,1.53924,1.61705,1.37453,1.67825,0.009604,0.009604,0.009604
14,8799.96,1.61894,1.72808,1.36503,1.65649,0.31656,0.32522,0.26178,0.14133,0.40796,0.90968,0.06794,1.52503,1.5892,1.37254,1.67165,0.009571,0.009571,0.009571
15,9423.25,1.60989,1.71618,1.35718,1.64954,0.33089,0.31796,0.26366,0.14174,0.413,0.91407,0.07256,1.52052,1.57655,1.3686,1.66212,0.009538,0.009538,0.009538
16,10048.2,1.61048,1.70438,1.35386,1.65099,0.3409,0.32742,0.2696,0.14423,0.41289,0.90474,0.06989,1.51339,1.56746,1.35661,1.66684,0.009505,0.009505,0.009505
17,10673.4,1.59813,1.69889,1.34791,1.64759,0.35941,0.33143,0.28179,0.15158,0.40367,0.91247,0.06253,1.49907,1.55917,1.34517,1.66812,0.009472,0.009472,0.009472
18,11305.1,1.59347,1.68546,1.34307,1.63935,0.35452,0.32804,0.28442,0.15421,0.4144,0.90796,0.07247,1.49864,1.54909,1.34802,1.66577,0.009439,0.009439,0.009439
19,11930.2,1.58713,1.68325,1.34245,1.63849,0.35299,0.32823,0.28364,0.15372,0.40871,0.91053,0.06648,1.49594,1.54454,1.34599,1.66428,0.009406,0.009406,0.009406
20,12554.1,1.58574,1.67512,1.33709,1.63534,0.35956,0.3385,0.29014,0.1565,0.42394,0.91536,0.08117,1.48927,1.53456,1.33697,1.63026,0.009373,0.009373,0.009373
21,13181.2,1.58197,1.6589,1.33208,1.63011,0.35637,0.34049,0.2913,0.15818,0.40367,0.91289,0.06451,1.48658,1.52861,1.33648,1.65303,0.00934,0.00934,0.00934
22,13818,1.57361,1.65829,1.32872,1.62623,0.36383,0.34059,0.29241,0.1594,0.40624,0.91236,0.06583,1.48156,1.52777,1.33207,1.65042,0.009307,0.009307,0.009307
23,14441.3,1.5674,1.64963,1.32529,1.62223,0.37678,0.34095,0.29666,0.16172,0.42652,0.91343,0.07849,1.47841,1.52186,1.33132,1.63682,0.009274,0.009274,0.009274
24,15075,1.56842,1.65115,1.32372,1.6226,0.37056,0.34716,0.29867,0.16214,0.43081,0.91365,0.08204,1.47463,1.51532,1.32868,1.63087,0.009241,0.009241,0.009241
25,15700.2,1.56266,1.63202,1.3202,1.61909,0.37669,0.34416,0.30071,0.16414,0.4277,0.91407,0.0805,1.47218,1.50969,1.32747,1.63108,0.009208,0.009208,0.009208
26,16325.6,1.56208,1.63453,1.31664,1.61672,0.38332,0.34812,0.3045,0.16564,0.43135,0.91525,0.08265,1.4695,1.50743,1.32412,1.6274,0.009175,0.009175,0.009175
27,16950,1.55338,1.6295,1.31113,1.61413,0.38923,0.34558,0.30517,0.16647,0.43242,0.91536,0.08255,1.46695,1.5067,1.32149,1.6266,0.009142,0.009142,0.009142
28,17577.2,1.54683,1.62413,1.30553,1.60877,0.38749,0.34879,0.30646,0.16726,0.42577,0.91515,0.0808,1.46638,1.50377,1.31972,1.62661,0.009109,0.009109,0.009109
29,18200.3,1.54369,1.61586,1.30676,1.60463,0.38906,0.34814,0.30815,0.1682,0.42459,0.91386,0.07987,1.46508,1.49923,1.31873,1.62829,0.009076,0.009076,0.009076
30,18824.8,1.54508,1.61071,1.30307,1.59953,0.38912,0.34816,0.30968,0.16898,0.42341,0.91483,0.07941,1.46277,1.49773,1.31665,1.62918,0.009043,0.009043,0.009043
31,19448.4,1.54196,1.61879,1.29867,1.59985,0.38909,0.34985,0.31097,0.16965,0.42362,0.91515,0.07883,1.46062,1.49598,1.31449,1.62741,0.00901,0.00901,0.00901
32,20072.7,1.54044,1.60917,1.29958,1.59683,0.3879,0.35127,0.31097,0.16992,0.42287,0.91461,0.07828,1.45979,1.49487,1.31341,1.62745,0.008977,0.008977,0.008977
33,20700.7,1.54112,1.60974,1.29767,1.59542,0.38938,0.34889,0.31211,0.17046,0.42394,0.91547,0.07824,1.45865,1.49368,1.31148,1.62695,0.008944,0.008944,0.008944
34,21327.7,1.54092,1.6074,1.2953,1.59446,0.39091,0.35067,0.31255,0.1708,0.42427,0.9159,0.07864,1.45795,1.49259,1.30996,1.62647,0.008911,0.008911,0.008911
35,21956.3,1.53469,1.60005,1.29109,1.58781,0.39287,0.35116,0.31348,0.17088,0.42512,0.91622,0.07983,1.45704,1.49207,1.30893,1.62546,0.008878,0.008878,0.008878
36,22580.6,1.53014,1.60053,1.28323,1.58443,0.39513,0.34918,0.31328,0.17133,0.4248,0.91622,0.0798,1.45604,1.49201,1.30741,1.62586,0.008845,0.008845,0.008845
37,23212.4,1.53409,1.59987,1.28403,1.58267,0.39374,0.35143,0.31464,0.17183,0.42577,0.91633,0.08033,1.45541,1.49177,1.30625,1.62591,0.008812,0.008812,0.008812
38,23842.8,1.53139,1.59839,1.27894,1.58513,0.39514,0.35031,0.31497,0.17237,0.42512,0.91643,0.0795,1.45464,1.49105,1.30501,1.62547,0.008779,0.008779,0.008779
39,24469.9,1.52804,1.5967,1.27628,1.5831,0.39758,0.35073,0.31566,0.1729,0.42405,0.9159,0.07881,1.45393,1.49044,1.30385,1.62675,0.008746,0.008746,0.008746
40,25092.3,1.52212,1.58475,1.27285,1.57797,0.39693,0.35137,0.31645,0.17323,0.42373,0.91611,0.07869,1.45365,1.48967,1.30293,1.62711,0.008713,0.008713,0.008713
41,25724,1.52657,1.587,1.27349,1.57752,0.39479,0.35106,0.31677,0.17333,0.42384,0.91579,0.07861,1.45314,1.48891,1.30185,1.62747,0.00868,0.00868,0.00868
42,26350.3,1.51767,1.57772,1.26304,1.5745,0.3975,0.35109,0.31768,0.17403,0.42276,0.91611,0.07783,1.45272,1.48822,1.30069,1.62813,0.008647,0.008647,0.008647
43,26987.2,1.52361,1.57687,1.26448,1.57059,0.39603,0.35068,0.31806,0.17421,0.42105,0.91601,0.07615,1.45243,1.48741,1.29975,1.62873,0.008614,0.008614,0.008614
44,27608.3,1.52352,1.57867,1.25944,1.56932,0.39418,0.35185,0.31872,0.1746,0.42019,0.91643,0.0763,1.4519,1.487,1.29829,1.628,0.008581,0.008581,0.008581
45,28235.1,1.51866,1.57642,1.25488,1.56722,0.39376,0.34931,0.31873,0.17504,0.41987,0.91676,0.07611,1.4513,1.48709,1.29645,1.6276,0.008548,0.008548,0.008548
46,28862.2,1.51315,1.57116,1.25416,1.56567,0.39477,0.35012,0.31931,0.17526,0.41987,0.91643,0.07537,1.45124,1.48647,1.29536,1.62818,0.008515,0.008515,0.008515
47,29492.1,1.51846,1.57488,1.25086,1.56279,0.39404,0.35057,0.31998,0.17579,0.41858,0.91643,0.07443,1.45056,1.48614,1.29364,1.62869,0.008482,0.008482,0.008482
48,30110.4,1.51368,1.5671,1.248,1.56103,0.39531,0.35003,0.32006,0.17607,0.41601,0.91601,0.07285,1.45018,1.4856,1.292,1.62992,0.008449,0.008449,0.008449
49,30738,1.51162,1.56242,1.24574,1.56525,0.39742,0.35081,0.32067,0.17633,0.41676,0.91601,0.07323,1.44985,1.48526,1.29026,1.62949,0.008416,0.008416,0.008416
50,31357.8,1.50645,1.56271,1.24254,1.55766,0.39651,0.34946,0.32128,0.17667,0.41558,0.9159,0.07202,1.44944,1.4849,1.28854,1.62905,0.008383,0.008383,0.008383
51,31991.1,1.50973,1.56345,1.23925,1.55615,0.39581,0.35106,0.32149,0.17689,0.41633,0.9159,0.07236,1.44903,1.4847,1.28661,1.62846,0.00835,0.00835,0.00835
52,32611.6,1.50879,1.56272,1.24026,1.55902,0.39598,0.35087,0.32185,0.17716,0.41579,0.91568,0.07251,1.44865,1.48465,1.28482,1.62798,0.008317,0.008317,0.008317
53,33236.7,1.50938,1.56015,1.23474,1.55196,0.39378,0.35162,0.32231,0.17738,0.41515,0.91568,0.07149,1.44825,1.48505,1.28263,1.6285,0.008284,0.008284,0.008284
54,33859.2,1.50804,1.55913,1.2344,1.54929,0.39616,0.35295,0.32256,0.17751,0.4144,0.91536,0.07102,1.44816,1.48488,1.2809,1.62899,0.008251,0.008251,0.008251
55,34489.1,1.50188,1.55219,1.23196,1.55207,0.39777,0.35149,0.32286,0.1779,0.41397,0.91504,0.07073,1.44817,1.48524,1.27922,1.62976,0.008218,0.008218,0.008218
56,35109.9,1.50185,1.54865,1.22685,1.55289,0.39531,0.35377,0.32345,0.17817,0.41407,0.91472,0.07071,1.44776,1.48555,1.27706,1.63048,0.008185,0.008185,0.008185
57,35734,1.50075,1.55037,1.2267,1.549,0.39726,0.35286,0.32403,0.17833,0.41311,0.91461,0.0694,1.44729,1.48581,1.27477,1.63048,0.008152,0.008152,0.008152
58,36359.8,1.50033,1.54428,1.22645,1.54744,0.3973,0.35096,0.32431,0.17839,0.413,0.91418,0.06927,1.44679,1.48556,1.27279,1.62983,0.008119,0.008119,0.008119
59,36986.9,1.49995,1.54473,1.22141,1.54199,0.40175,0.35141,0.32457,0.17835,0.41225,0.9144,0.06879,1.44652,1.48555,1.27082,1.6291,0.008086,0.008086,0.008086
60,37610.6,1.49623,1.54112,1.22126,1.54658,0.39994,0.35156,0.32471,0.17885,0.41214,0.9144,0.06867,1.44611,1.4845,1.26881,1.62875,0.008053,0.008053,0.008053
61,38236.6,1.49434,1.53576,1.21839,1.54256,0.39991,0.35341,0.32568,0.17938,0.41204,0.9145,0.06855,1.44556,1.4842,1.26668,1.62757,0.00802,0.00802,0.00802
62,38860.6,1.49528,1.53639,1.21922,1.54517,0.40147,0.35212,0.32609,0.17964,0.41193,0.91483,0.06937,1.44535,1.4839,1.26503,1.62592,0.007987,0.007987,0.007987
63,39483.5,1.4949,1.5333,1.21542,1.54088,0.40217,0.35232,0.32677,0.17987,0.41225,0.91525,0.06952,1.44459,1.48381,1.26278,1.62459,0.007954,0.007954,0.007954
64,40110.8,1.49398,1.53468,1.2147,1.54272,0.39863,0.35636,0.32673,0.17986,0.41236,0.91515,0.0688,1.44406,1.48385,1.26054,1.62358,0.007921,0.007921,0.007921
65,40738.9,1.49063,1.5279,1.21159,1.53854,0.39995,0.35678,0.3278,0.18052,0.41204,0.91525,0.06859,1.44351,1.48343,1.25841,1.62307,0.007888,0.007888,0.007888
66,41368.9,1.48725,1.52758,1.20983,1.53574,0.39928,0.35713,0.32823,0.1807,0.41161,0.91493,0.06821,1.44275,1.48289,1.25628,1.62343,0.007855,0.007855,0.007855
67,42003.2,1.49034,1.52607,1.21069,1.53813,0.39966,0.35665,0.32835,0.18082,0.4115,0.91515,0.06793,1.44202,1.48225,1.25435,1.62282,0.007822,0.007822,0.007822
68,42643,1.49186,1.52587,1.20755,1.53078,0.40335,0.35653,0.3294,0.18107,0.41118,0.91483,0.06778,1.44148,1.48191,1.25203,1.62347,0.007789,0.007789,0.007789
69,43265.5,1.48708,1.52029,1.20671,1.53058,0.40581,0.35652,0.32982,0.18136,0.41053,0.91504,0.06719,1.44054,1.48139,1.24981,1.62425,0.007756,0.007756,0.007756
70,43893.2,1.48814,1.51153,1.20766,1.52965,0.40713,0.35615,0.32962,0.18155,0.40989,0.91472,0.06665,1.44021,1.48058,1.24793,1.62457,0.007723,0.007723,0.007723
71,44518,1.48705,1.51424,1.20468,1.52434,0.40682,0.35742,0.33047,0.18195,0.41021,0.91472,0.0671,1.43963,1.47996,1.24606,1.62402,0.00769,0.00769,0.00769
72,45149.4,1.48267,1.51043,1.20568,1.52702,0.40542,0.35995,0.33132,0.18234,0.40925,0.91483,0.06668,1.43911,1.47914,1.24431,1.62349,0.007657,0.007657,0.007657
73,45773.1,1.47826,1.50427,1.19882,1.52613,0.4035,0.36184,0.33122,0.18226,0.40871,0.91483,0.0662,1.4388,1.47863,1.24234,1.62307,0.007624,0.007624,0.007624
74,46402.5,1.47829,1.50498,1.19805,1.52262,0.40242,0.36187,0.33206,0.1827,0.40764,0.91472,0.06546,1.4381,1.47759,1.24068,1.62303,0.007591,0.007591,0.007591
75,47028.1,1.48088,1.50098,1.19901,1.52378,0.39679,0.36669,0.33194,0.18272,0.40678,0.91472,0.06486,1.43743,1.47703,1.23871,1.62288,0.007558,0.007558,0.007558
76,47655.8,1.47629,1.50215,1.1947,1.52138,0.40003,0.36471,0.3325,0.18286,0.40646,0.9145,0.06464,1.43737,1.47625,1.23714,1.62331,0.007525,0.007525,0.007525
77,48280.3,1.47704,1.50229,1.19766,1.52254,0.40055,0.3659,0.33288,0.18342,0.40571,0.91429,0.06411,1.4371,1.47534,1.23543,1.62287,0.007492,0.007492,0.007492
78,48904.1,1.47506,1.49492,1.19585,1.51464,0.40202,0.36478,0.33347,0.18369,0.40506,0.91461,0.06387,1.4364,1.4743,1.23363,1.62256,0.007459,0.007459,0.007459
79,49526.6,1.47502,1.4956,1.19144,1.52011,0.40373,0.36586,0.33393,0.18386,0.40453,0.91429,0.06308,1.43626,1.47344,1.23201,1.62203,0.007426,0.007426,0.007426
80,50155.3,1.47512,1.48855,1.19267,1.52239,0.40119,0.36665,0.33384,0.18417,0.40474,0.91418,0.06323,1.43617,1.47213,1.23056,1.6217,0.007393,0.007393,0.007393
81,50782.4,1.47209,1.48221,1.19225,1.51284,0.40082,0.36651,0.33433,0.18457,0.40506,0.91407,0.06358,1.43582,1.47128,1.22884,1.62147,0.00736,0.00736,0.00736
82,51406,1.4705,1.486,1.18512,1.51,0.39985,0.36734,0.33474,0.18497,0.40399,0.91461,0.06288,1.43527,1.47051,1.22731,1.62131,0.007327,0.007327,0.007327
83,52033.1,1.4723,1.48213,1.18841,1.51354,0.40545,0.36459,0.33469,0.18502,0.40345,0.9144,0.06255,1.43494,1.46983,1.22567,1.62099,0.007294,0.007294,0.007294
84,52661.5,1.46687,1.48099,1.18571,1.5139,0.40595,0.36471,0.33546,0.18545,0.40453,0.9145,0.06367,1.43433,1.46906,1.22402,1.61905,0.007261,0.007261,0.007261
85,53286.6,1.467,1.48115,1.18673,1.51082,0.40803,0.3657,0.33611,0.18562,0.4056,0.9144,0.06438,1.43368,1.46836,1.22266,1.6177,0.007228,0.007228,0.007228
86,53913.8,1.46862,1.48155,1.18632,1.51481,0.40832,0.36554,0.33622,0.18564,0.40614,0.91461,0.06483,1.43338,1.4674,1.22121,1.61681,0.007195,0.007195,0.007195
87,54544.8,1.46679,1.47239,1.1841,1.50661,0.40703,0.36546,0.33655,0.18603,0.40689,0.91493,0.06536,1.43321,1.46653,1.2199,1.6152,0.007162,0.007162,0.007162
88,55167.3,1.47105,1.47877,1.18597,1.50453,0.40705,0.36583,0.33709,0.18643,0.40699,0.91515,0.06538,1.43272,1.46523,1.21836,1.61524,0.007129,0.007129,0.007129
89,55791.7,1.46646,1.47744,1.18362,1.50898,0.41034,0.36383,0.337,0.18671,0.40796,0.91515,0.0669,1.43251,1.46437,1.21715,1.61478,0.007096,0.007096,0.007096
90,56420.6,1.4631,1.46467,1.17864,1.50373,0.40886,0.36334,0.33747,0.18669,0.40828,0.91504,0.06707,1.43207,1.46325,1.21589,1.61382,0.007063,0.007063,0.007063
91,57049.7,1.46272,1.47015,1.18157,1.50171,0.40569,0.36627,0.33751,0.18701,0.40839,0.91525,0.0672,1.43135,1.46241,1.21437,1.61237,0.00703,0.00703,0.00703
92,57672.5,1.4626,1.46822,1.18055,1.49608,0.40853,0.36479,0.33827,0.18726,0.40946,0.9159,0.06806,1.43071,1.46182,1.21302,1.61022,0.006997,0.006997,0.006997
93,58311.2,1.46276,1.46882,1.17914,1.50446,0.40966,0.36354,0.33879,0.18745,0.40957,0.91622,0.06854,1.43003,1.46102,1.21165,1.60954,0.006964,0.006964,0.006964
94,58933.6,1.46269,1.46364,1.17769,1.50001,0.41441,0.36262,0.33929,0.1876,0.41,0.91611,0.06936,1.42971,1.46053,1.21051,1.61024,0.006931,0.006931,0.006931
95,59563.6,1.45614,1.45235,1.17293,1.49195,0.41191,0.36385,0.33976,0.188,0.41075,0.91633,0.07077,1.42906,1.45973,1.20908,1.60947,0.006898,0.006898,0.006898
96,60188.2,1.45693,1.45869,1.17664,1.49467,0.41253,0.36416,0.34013,0.18844,0.41064,0.91686,0.07099,1.42845,1.459,1.20793,1.60919,0.006865,0.006865,0.006865
97,60816.4,1.45988,1.45329,1.17471,1.49205,0.40984,0.36365,0.3402,0.18872,0.41193,0.91708,0.07281,1.42802,1.45826,1.20689,1.60767,0.006832,0.006832,0.006832
98,61437.5,1.45924,1.45456,1.17642,1.4922,0.41394,0.36272,0.34084,0.18878,0.41332,0.91847,0.07445,1.42746,1.45751,1.20577,1.60544,0.006799,0.006799,0.006799
99,62062,1.45376,1.44531,1.17281,1.48904,0.41855,0.36328,0.34112,0.18878,0.41343,0.91858,0.07484,1.42734,1.45705,1.20492,1.60434,0.006766,0.006766,0.006766
100,62686.7,1.45719,1.44937,1.17499,1.48827,0.41943,0.36315,0.34138,0.18903,0.41289,0.91858,0.07566,1.42731,1.45614,1.20408,1.60509,0.006733,0.006733,0.006733
101,63309.7,1.45481,1.44455,1.17649,1.48754,0.41621,0.3651,0.34123,0.18934,0.41343,0.91847,0.07569,1.42709,1.45552,1.20339,1.60539,0.0067,0.0067,0.0067
102,63935.7,1.45463,1.44389,1.17335,1.48565,0.41889,0.36476,0.34191,0.18958,0.41418,0.91804,0.07714,1.42733,1.45459,1.20253,1.60489,0.006667,0.006667,0.006667
103,64562.1,1.45758,1.45162,1.17287,1.48887,0.42009,0.36409,0.34209,0.18969,0.41536,0.91815,0.07792,1.42719,1.45429,1.20168,1.60372,0.006634,0.006634,0.006634
104,65190.7,1.45151,1.4431,1.17096,1.48778,0.41855,0.36564,0.34252,0.18987,0.41558,0.91815,0.07833,1.42708,1.45344,1.2009,1.60344,0.006601,0.006601,0.006601
105,65814.6,1.45026,1.43929,1.16641,1.48344,0.41663,0.36709,0.3426,0.19017,0.41504,0.91794,0.07809,1.42695,1.45298,1.20017,1.60365,0.006568,0.006568,0.006568
106,66438.9,1.44938,1.44124,1.16819,1.48286,0.41858,0.36681,0.34316,0.19043,0.41611,0.91783,0.0788,1.42668,1.45235,1.19917,1.60264,0.006535,0.006535,0.006535
107,67067.6,1.44864,1.43884,1.1696,1.48285,0.41665,0.3687,0.34311,0.19053,0.41729,0.91815,0.07977,1.42632,1.4515,1.19835,1.60095,0.006502,0.006502,0.006502
108,67694.5,1.44897,1.43697,1.16895,1.48002,0.41282,0.37038,0.34319,0.19055,0.41815,0.91815,0.0801,1.42627,1.4508,1.19771,1.59944,0.006469,0.006469,0.006469
109,68321.8,1.44676,1.43337,1.16709,1.47539,0.41779,0.36828,0.34376,0.19089,0.41944,0.91826,0.08152,1.42626,1.45024,1.19715,1.59774,0.006436,0.006436,0.006436
110,68950.9,1.44277,1.42341,1.16759,1.48232,0.41195,0.37284,0.34401,0.19122,0.41997,0.91858,0.08264,1.42592,1.44917,1.19657,1.59699,0.006403,0.006403,0.006403
111,69578.2,1.44518,1.42524,1.16429,1.4751,0.41476,0.37234,0.34454,0.19129,0.42008,0.91869,0.08308,1.42588,1.44827,1.19593,1.59649,0.00637,0.00637,0.00637
112,70212.8,1.44192,1.42275,1.16366,1.47608,0.41216,0.37313,0.34481,0.19165,0.42169,0.91847,0.08439,1.42572,1.44807,1.19538,1.59642,0.006337,0.006337,0.006337
113,70838.9,1.44411,1.4255,1.16378,1.4665,0.41086,0.37266,0.34496,0.19168,0.42287,0.91858,0.08596,1.42572,1.4469,1.1946,1.59394,0.006304,0.006304,0.006304
114,71464.3,1.44868,1.42492,1.16349,1.47069,0.41001,0.37311,0.34517,0.19233,0.42341,0.91804,0.08665,1.42571,1.44596,1.19411,1.59329,0.006271,0.006271,0.006271
115,72086.7,1.44487,1.42636,1.16407,1.46665,0.4104,0.37328,0.34566,0.19248,0.42437,0.91858,0.08729,1.4255,1.44476,1.19348,1.59201,0.006238,0.006238,0.006238
116,72713,1.44226,1.42222,1.16319,1.46589,0.41002,0.37507,0.34584,0.1925,0.42523,0.91912,0.08838,1.42523,1.44411,1.19299,1.59049,0.006205,0.006205,0.006205
117,73338.4,1.43864,1.41343,1.16216,1.46404,0.4109,0.3769,0.34602,0.19271,0.42641,0.91901,0.08986,1.425,1.44322,1.19238,1.58938,0.006172,0.006172,0.006172
118,73966,1.43591,1.41686,1.16139,1.46583,0.40879,0.3789,0.34626,0.19272,0.42695,0.91901,0.09025,1.42512,1.44228,1.19202,1.58906,0.006139,0.006139,0.006139
119,74586.7,1.43985,1.40936,1.16018,1.46317,0.40547,0.38031,0.34639,0.19306,0.42866,0.91965,0.09105,1.42501,1.4417,1.19155,1.58782,0.006106,0.006106,0.006106
120,75213.8,1.43542,1.40629,1.15825,1.46063,0.40602,0.37918,0.34677,0.19333,0.42899,0.91933,0.09166,1.42504,1.44073,1.19106,1.5875,0.006073,0.006073,0.006073
121,75838.1,1.43844,1.40396,1.16057,1.46276,0.40912,0.38103,0.34694,0.19347,0.42995,0.91901,0.09359,1.42491,1.44033,1.19055,1.58766,0.00604,0.00604,0.00604
122,76466.9,1.43461,1.40083,1.15642,1.46129,0.4111,0.37953,0.34719,0.19362,0.42931,0.9189,0.09247,1.42484,1.43967,1.19009,1.58835,0.006007,0.006007,0.006007
123,77089.6,1.43376,1.4026,1.15889,1.45351,0.4078,0.38104,0.34765,0.19396,0.42877,0.91879,0.09208,1.42476,1.43913,1.18969,1.58903,0.005974,0.005974,0.005974
124,77719.3,1.43529,1.39802,1.15622,1.45727,0.40649,0.38304,0.3478,0.19386,0.42845,0.91869,0.0927,1.42449,1.43868,1.18902,1.58967,0.005941,0.005941,0.005941
125,78339.7,1.435,1.40099,1.15559,1.45562,0.40801,0.38535,0.348,0.19439,0.42866,0.91772,0.093,1.42452,1.43823,1.18855,1.5894,0.005908,0.005908,0.005908
126,78963.6,1.43175,1.39422,1.15468,1.4463,0.41129,0.3837,0.34851,0.19446,0.42909,0.91772,0.09465,1.42474,1.43747,1.18829,1.58855,0.005875,0.005875,0.005875
127,79585,1.43073,1.39374,1.15656,1.44961,0.41123,0.38158,0.34852,0.1946,0.42866,0.91761,0.09365,1.42457,1.43717,1.18803,1.58835,0.005842,0.005842,0.005842
128,80211.4,1.43388,1.395,1.15788,1.44326,0.41082,0.3838,0.3491,0.19499,0.42909,0.91761,0.094,1.42457,1.43663,1.18784,1.58784,0.005809,0.005809,0.005809
129,80835.1,1.43005,1.3929,1.15499,1.45026,0.41246,0.38378,0.34924,0.1953,0.42866,0.9174,0.09368,1.42467,1.43626,1.18755,1.58859,0.005776,0.005776,0.005776
130,81459.3,1.4282,1.3899,1.15314,1.44377,0.41406,0.38354,0.34931,0.1957,0.4292,0.91697,0.09382,1.42482,1.43612,1.18723,1.58897,0.005743,0.005743,0.005743
131,82084.2,1.42854,1.38309,1.1499,1.44413,0.41677,0.38202,0.3498,0.19599,0.42984,0.91729,0.09436,1.42517,1.43526,1.18693,1.58796,0.00571,0.00571,0.00571
132,82714.2,1.43287,1.39194,1.15265,1.44097,0.41911,0.38218,0.35013,0.19632,0.43017,0.91772,0.09379,1.42532,1.43519,1.18668,1.58652,0.005677,0.005677,0.005677
133,83339.2,1.42513,1.37775,1.15243,1.4395,0.41874,0.38392,0.35078,0.19662,0.43027,0.91772,0.09407,1.42542,1.43438,1.18656,1.58658,0.005644,0.005644,0.005644
134,83963.6,1.42512,1.37418,1.15294,1.44177,0.41809,0.38434,0.3512,0.19684,0.43124,0.91708,0.09436,1.42551,1.43367,1.18633,1.58623,0.005611,0.005611,0.005611
135,84587.3,1.42677,1.37961,1.15229,1.43638,0.41944,0.38405,0.35137,0.19724,0.43167,0.91697,0.09476,1.426,1.43275,1.18628,1.5859,0.005578,0.005578,0.005578
136,85214.9,1.42809,1.38018,1.15235,1.43415,0.42095,0.38506,0.35145,0.19748,0.43317,0.91676,0.09735,1.42616,1.43215,1.18614,1.58527,0.005545,0.005545,0.005545
137,85847.4,1.42093,1.36987,1.14816,1.4329,0.41862,0.38414,0.3517,0.1976,0.43253,0.91611,0.09646,1.42615,1.43166,1.18559,1.58511,0.005512,0.005512,0.005512
138,86476.6,1.41711,1.36862,1.14642,1.43163,0.41694,0.38601,0.3515,0.19794,0.43295,0.91611,0.09736,1.42634,1.43124,1.18532,1.58491,0.005479,0.005479,0.005479
139,87104.2,1.4173,1.36529,1.14784,1.42932,0.41389,0.38886,0.352,0.19807,0.43467,0.91601,0.09891,1.4265,1.43071,1.18508,1.58408,0.005446,0.005446,0.005446
140,87729.8,1.41992,1.36682,1.14471,1.4261,0.41716,0.38685,0.35244,0.19831,0.43489,0.91601,0.10071,1.42646,1.43014,1.1848,1.58288,0.005413,0.005413,0.005413
141,88374.4,1.41791,1.36442,1.14606,1.42333,0.41606,0.38682,0.35257,0.19836,0.43553,0.91633,0.10171,1.42643,1.4295,1.18442,1.58282,0.00538,0.00538,0.00538
142,89001.1,1.41639,1.36305,1.14295,1.41979,0.41216,0.39127,0.35324,0.19866,0.43649,0.91633,0.10356,1.4261,1.42919,1.18402,1.58236,0.005347,0.005347,0.005347
143,89628.8,1.41889,1.36163,1.14557,1.41887,0.41482,0.39177,0.35387,0.19899,0.43725,0.91611,0.10553,1.42602,1.42821,1.18369,1.58186,0.005314,0.005314,0.005314
144,90254.2,1.41495,1.36319,1.14341,1.41758,0.41444,0.39164,0.35393,0.199,0.43682,0.91601,0.10596,1.42584,1.42747,1.18324,1.58162,0.005281,0.005281,0.005281
145,90890.8,1.41637,1.35912,1.14208,1.4181,0.41585,0.39386,0.35497,0.19925,0.43821,0.91643,0.10674,1.42548,1.42694,1.18282,1.57946,0.005248,0.005248,0.005248
146,91518.4,1.41724,1.35779,1.14587,1.41574,0.41371,0.39594,0.35539,0.19931,0.44025,0.91676,0.11023,1.42535,1.42623,1.18253,1.57674,0.005215,0.005215,0.005215
147,92156.6,1.41927,1.35556,1.14268,1.40691,0.41399,0.39487,0.35599,0.2,0.4425,0.91708,0.11202,1.42497,1.42525,1.18205,1.57484,0.005182,0.005182,0.005182
148,92777.8,1.41625,1.3514,1.14427,1.41322,0.41304,0.39405,0.35619,0.20003,0.44411,0.91751,0.11363,1.4251,1.42499,1.18192,1.57398,0.005149,0.005149,0.005149
149,93404.2,1.41372,1.3512,1.14395,1.41096,0.41842,0.39126,0.35664,0.20058,0.44604,0.91751,0.11463,1.42518,1.42472,1.18198,1.57257,0.005116,0.005116,0.005116
150,94031.4,1.41481,1.35087,1.14159,1.4049,0.42378,0.3871,0.35655,0.20037,0.44776,0.91761,0.11736,1.42484,1.42406,1.18173,1.57107,0.005083,0.005083,0.005083
151,94654.4,1.41313,1.34829,1.14304,1.40647,0.42564,0.38636,0.3569,0.2007,0.44808,0.91815,0.11686,1.4246,1.42335,1.18164,1.57073,0.00505,0.00505,0.00505
152,95284,1.41509,1.34303,1.14208,1.41253,0.42183,0.39017,0.35757,0.2009,0.44969,0.91783,0.11838,1.42471,1.42276,1.18151,1.57035,0.005017,0.005017,0.005017
153,95921.5,1.40887,1.34048,1.14186,1.40154,0.4222,0.39079,0.35728,0.20101,0.44969,0.91761,0.11918,1.42454,1.42227,1.18122,1.57159,0.004984,0.004984,0.004984
154,96545.3,1.41387,1.34694,1.1445,1.40008,0.42522,0.38851,0.35785,0.20103,0.44872,0.91772,0.11853,1.42449,1.4218,1.18115,1.57142,0.004951,0.004951,0.004951
155,97174.3,1.40927,1.34027,1.14011,1.41065,0.42555,0.38906,0.35838,0.20123,0.44765,0.91719,0.11828,1.42462,1.42158,1.18108,1.57289,0.004918,0.004918,0.004918
156,97798.5,1.40556,1.33689,1.13928,1.39791,0.42901,0.38989,0.35859,0.20166,0.44711,0.91708,0.11759,1.42452,1.42133,1.18088,1.57406,0.004885,0.004885,0.004885
157,98424.8,1.4025,1.32858,1.13974,1.39411,0.43152,0.38869,0.35852,0.20181,0.44808,0.91676,0.11805,1.42452,1.42046,1.18082,1.57408,0.004852,0.004852,0.004852
158,99057.7,1.4075,1.33154,1.13844,1.39082,0.43608,0.38656,0.3589,0.20185,0.44862,0.91643,0.11892,1.42467,1.42013,1.18068,1.57354,0.004819,0.004819,0.004819
159,99693,1.40507,1.32869,1.13873,1.39366,0.43735,0.38424,0.35895,0.20207,0.44797,0.91579,0.1191,1.42468,1.41998,1.18056,1.57354,0.004786,0.004786,0.004786
160,100326,1.40283,1.32679,1.1359,1.38724,0.43784,0.38329,0.35911,0.20199,0.4484,0.91579,0.11868,1.42468,1.41962,1.18038,1.57306,0.004753,0.004753,0.004753
161,100950,1.40464,1.32823,1.13796,1.38983,0.43718,0.38459,0.35963,0.20205,0.44872,0.91558,0.11964,1.42491,1.41922,1.18046,1.57346,0.00472,0.00472,0.00472
162,101576,1.40073,1.32374,1.13541,1.38662,0.43366,0.38568,0.35987,0.20231,0.4498,0.91547,0.11987,1.42498,1.4191,1.1803,1.57364,0.004687,0.004687,0.004687
163,102202,1.40297,1.32411,1.13539,1.38576,0.42866,0.39084,0.35993,0.20251,0.45055,0.91547,0.12013,1.42513,1.4187,1.18007,1.57287,0.004654,0.004654,0.004654
164,102841,1.401,1.32313,1.13582,1.37906,0.42644,0.39154,0.3597,0.20239,0.45076,0.91547,0.12046,1.42545,1.41885,1.18005,1.57192,0.004621,0.004621,0.004621
165,103470,1.40071,1.32146,1.13496,1.38275,0.42712,0.39312,0.35998,0.20276,0.45044,0.91504,0.11976,1.42521,1.41875,1.17989,1.57114,0.004588,0.004588,0.004588
166,104121,1.39564,1.31095,1.1307,1.37507,0.42894,0.39294,0.36018,0.20276,0.45023,0.91504,0.11913,1.4256,1.41818,1.17984,1.5702,0.004555,0.004555,0.004555
167,104742,1.39614,1.30921,1.13227,1.37396,0.43219,0.38886,0.36011,0.20294,0.45194,0.91493,0.12177,1.42585,1.41749,1.17979,1.56926,0.004522,0.004522,0.004522
168,105380,1.3968,1.31507,1.13406,1.37092,0.43458,0.38742,0.36019,0.20336,0.45162,0.91461,0.12197,1.42596,1.4172,1.17964,1.56888,0.004489,0.004489,0.004489
169,106001,1.3943,1.30203,1.13089,1.3701,0.43697,0.38551,0.36035,0.20329,0.45173,0.91461,0.12399,1.42648,1.41674,1.17967,1.5672,0.004456,0.004456,0.004456
170,106626,1.39571,1.30626,1.13101,1.36495,0.43584,0.38755,0.36036,0.20339,0.45141,0.9144,0.1236,1.42687,1.41619,1.17961,1.56583,0.004423,0.004423,0.004423
171,107250,1.39463,1.3047,1.13225,1.37086,0.43829,0.38809,0.36099,0.20354,0.45312,0.91407,0.12521,1.42682,1.41588,1.17958,1.56314,0.00439,0.00439,0.00439
172,107878,1.39172,1.30332,1.12967,1.35838,0.4373,0.38856,0.36121,0.20368,0.45591,0.91461,0.12575,1.42692,1.41581,1.1794,1.56011,0.004357,0.004357,0.004357
173,108501,1.393,1.29479,1.12871,1.35577,0.44164,0.38487,0.36128,0.20383,0.4558,0.91483,0.12761,1.42723,1.41495,1.17916,1.55926,0.004324,0.004324,0.004324
174,109128,1.3893,1.29784,1.12764,1.36192,0.44253,0.38295,0.36183,0.20417,0.45666,0.91525,0.1284,1.42763,1.41499,1.1791,1.55818,0.004291,0.004291,0.004291
175,109751,1.3895,1.29772,1.12806,1.36239,0.44169,0.3828,0.36174,0.20409,0.45709,0.9159,0.12933,1.42732,1.4149,1.17886,1.55649,0.004258,0.004258,0.004258
176,110385,1.39168,1.30205,1.12935,1.35997,0.44617,0.38378,0.36176,0.20456,0.45655,0.9159,0.13138,1.42737,1.41475,1.17875,1.5557,0.004225,0.004225,0.004225
177,111010,1.39131,1.29909,1.13051,1.35454,0.44585,0.383,0.3621,0.20462,0.45795,0.91601,0.13308,1.42737,1.41441,1.17857,1.55529,0.004192,0.004192,0.004192
178,111634,1.38414,1.28656,1.12511,1.3554,0.4484,0.38097,0.36204,0.20483,0.46074,0.9159,0.13699,1.4279,1.41416,1.17855,1.55312,0.004159,0.004159,0.004159
179,112260,1.38553,1.28589,1.12601,1.35076,0.43973,0.38608,0.36222,0.20504,0.4602,0.91622,0.13707,1.428,1.41424,1.17862,1.5526,0.004126,0.004126,0.004126
180,112895,1.38806,1.29025,1.12708,1.3477,0.444,0.38465,0.3624,0.2049,0.46052,0.91611,0.13755,1.4284,1.41372,1.1788,1.55273,0.004093,0.004093,0.004093
181,113521,1.38291,1.28285,1.1246,1.34464,0.44705,0.38149,0.36258,0.20492,0.45902,0.91579,0.13686,1.4287,1.41343,1.17867,1.55391,0.00406,0.00406,0.00406
182,114151,1.38668,1.28592,1.12573,1.34798,0.4489,0.37987,0.36253,0.20497,0.4587,0.9159,0.13797,1.42828,1.41311,1.17856,1.55441,0.004027,0.004027,0.004027
183,114773,1.38435,1.28082,1.12402,1.33815,0.45026,0.37994,0.36277,0.20538,0.46192,0.91643,0.14283,1.42814,1.41231,1.17833,1.55188,0.003994,0.003994,0.003994
184,115402,1.38138,1.27567,1.12585,1.34281,0.45383,0.37781,0.36298,0.2056,0.46278,0.91601,0.1451,1.42838,1.4122,1.1783,1.55069,0.003961,0.003961,0.003961
185,116024,1.38422,1.27659,1.1245,1.33705,0.45291,0.37835,0.36328,0.20563,0.46245,0.91558,0.14391,1.42842,1.41193,1.17844,1.54992,0.003928,0.003928,0.003928
186,116653,1.37932,1.27262,1.12212,1.33221,0.44832,0.38365,0.36352,0.20566,0.46299,0.91558,0.1461,1.42827,1.412,1.17824,1.5479,0.003895,0.003895,0.003895
187,117288,1.37935,1.26837,1.12181,1.33644,0.44872,0.38368,0.36343,0.20572,0.46363,0.91558,0.14715,1.42857,1.41178,1.17819,1.54631,0.003862,0.003862,0.003862
188,117916,1.37782,1.26957,1.12515,1.3331,0.44929,0.38522,0.36408,0.20576,0.46396,0.9159,0.14785,1.4288,1.41123,1.17824,1.54531,0.003829,0.003829,0.003829
189,118546,1.37621,1.2658,1.12257,1.32827,0.45212,0.38176,0.36404,0.20562,0.46535,0.9159,0.15154,1.42864,1.41083,1.17823,1.54308,0.003796,0.003796,0.003796
190,119173,1.37831,1.26638,1.12208,1.32503,0.45754,0.37856,0.36446,0.20589,0.46599,0.91579,0.15446,1.42891,1.41051,1.17818,1.54201,0.003763,0.003763,0.003763
191,119814,1.37872,1.26013,1.1217,1.32235,0.4575,0.37838,0.36474,0.20585,0.46599,0.91633,0.15415,1.42921,1.41039,1.17811,1.54118,0.00373,0.00373,0.00373
192,120438,1.3781,1.25825,1.12127,1.31824,0.45519,0.37942,0.3636,0.20575,0.46632,0.91622,0.15469,1.42902,1.40987,1.17794,1.53998,0.003697,0.003697,0.003697
193,121068,1.37461,1.26192,1.11957,1.32294,0.45619,0.37909,0.36373,0.20601,0.46782,0.91622,0.15607,1.42911,1.40975,1.1779,1.53967,0.003664,0.003664,0.003664
194,121694,1.37122,1.25548,1.11946,1.32227,0.45515,0.38158,0.36411,0.20622,0.46878,0.91654,0.15782,1.42947,1.4099,1.17796,1.53904,0.003631,0.003631,0.003631
195,122329,1.37134,1.25434,1.1187,1.32259,0.45763,0.38057,0.36404,0.20617,0.4705,0.91643,0.1595,1.42975,1.40987,1.17796,1.53855,0.003598,0.003598,0.003598
196,122949,1.37175,1.25085,1.11849,1.31062,0.4574,0.3818,0.36431,0.20612,0.47136,0.91643,0.15805,1.43008,1.40977,1.17817,1.53858,0.003565,0.003565,0.003565
197,123578,1.37236,1.255,1.11794,1.3162,0.45709,0.38145,0.36414,0.20607,0.47071,0.91633,0.15518,1.4301,1.41004,1.17805,1.53862,0.003532,0.003532,0.003532
198,124202,1.36776,1.2451,1.11692,1.31303,0.45447,0.38164,0.36415,0.20599,0.47007,0.91643,0.15393,1.43054,1.40984,1.17823,1.53839,0.003499,0.003499,0.003499
199,124833,1.36908,1.24849,1.11754,1.30628,0.45713,0.37976,0.36433,0.20592,0.46975,0.91654,0.1537,1.43051,1.40994,1.17804,1.53875,0.003466,0.003466,0.003466
200,125454,1.36839,1.24469,1.11807,1.30688,0.45743,0.37958,0.36533,0.20616,0.47222,0.91665,0.15656,1.43095,1.40997,1.17812,1.53682,0.003433,0.003433,0.003433
201,126081,1.3674,1.24306,1.11604,1.30405,0.45931,0.38258,0.36515,0.20641,0.47436,0.91686,0.15961,1.43133,1.40996,1.1783,1.53514,0.0034,0.0034,0.0034
202,126710,1.36549,1.23858,1.11415,1.3001,0.45853,0.38221,0.36586,0.20636,0.47458,0.91719,0.16115,1.43152,1.41007,1.17825,1.53536,0.003367,0.003367,0.003367
203,127335,1.36552,1.23977,1.11494,1.29923,0.46146,0.38257,0.36662,0.20639,0.47361,0.9174,0.16179,1.43195,1.40996,1.17834,1.53514,0.003334,0.003334,0.003334
204,127961,1.36266,1.23662,1.114,1.29846,0.46328,0.38256,0.36655,0.20637,0.47436,0.91729,0.16386,1.43224,1.40998,1.17836,1.53444,0.003301,0.003301,0.003301
205,128586,1.36449,1.23417,1.1142,1.29253,0.46154,0.38233,0.36559,0.20659,0.47265,0.91751,0.16231,1.43277,1.41025,1.17858,1.53482,0.003268,0.003268,0.003268
206,129212,1.3625,1.23514,1.11309,1.29304,0.45915,0.38292,0.36565,0.20643,0.47275,0.91772,0.16256,1.43332,1.41078,1.17878,1.53484,0.003235,0.003235,0.003235
207,129842,1.36562,1.23674,1.11322,1.29189,0.46158,0.38137,0.36584,0.20611,0.47393,0.91783,0.16509,1.43373,1.41135,1.1788,1.5333,0.003202,0.003202,0.003202
208,130470,1.35901,1.229,1.11039,1.2879,0.46097,0.38509,0.36706,0.20619,0.47501,0.91826,0.16544,1.43403,1.41144,1.17876,1.53196,0.003169,0.003169,0.003169
209,131096,1.35751,1.22576,1.11014,1.28846,0.46321,0.38597,0.36772,0.2063,0.47565,0.91912,0.16751,1.43407,1.41163,1.17865,1.53019,0.003136,0.003136,0.003136
210,131724,1.35669,1.22308,1.11061,1.29094,0.46349,0.38647,0.3668,0.20641,0.47554,0.91901,0.16654,1.43437,1.41154,1.17871,1.52847,0.003103,0.003103,0.003103
211,132349,1.35695,1.22045,1.11105,1.27604,0.4634,0.38544,0.367,0.20655,0.47597,0.91922,0.16742,1.43461,1.41203,1.17882,1.52732,0.00307,0.00307,0.00307
212,132974,1.35344,1.21805,1.11021,1.28271,0.46297,0.38561,0.3671,0.20663,0.47704,0.91922,0.16879,1.43483,1.41206,1.17888,1.5258,0.003037,0.003037,0.003037
213,133600,1.36371,1.2217,1.11099,1.27047,0.46303,0.38565,0.3669,0.2066,0.47801,0.9189,0.17121,1.43552,1.41225,1.17906,1.5244,0.003004,0.003004,0.003004
214,134236,1.35005,1.21258,1.10951,1.2691,0.46509,0.38516,0.36715,0.20649,0.47812,0.91869,0.17082,1.43556,1.41222,1.17914,1.52373,0.002971,0.002971,0.002971
215,134859,1.34969,1.20947,1.10637,1.26688,0.46521,0.3866,0.36875,0.20677,0.47758,0.91869,0.17264,1.43582,1.4124,1.1792,1.52212,0.002938,0.002938,0.002938
216,135487,1.35068,1.21063,1.10656,1.27492,0.46687,0.3866,0.36859,0.20687,0.47694,0.91879,0.1719,1.43595,1.41242,1.17908,1.52246,0.002905,0.002905,0.002905
217,136114,1.34789,1.20381,1.10706,1.26668,0.46625,0.38496,0.36748,0.20679,0.47608,0.91879,0.17178,1.43644,1.41296,1.17919,1.52253,0.002872,0.002872,0.002872
218,136753,1.34889,1.20375,1.10485,1.26515,0.46629,0.38515,0.36825,0.20667,0.47855,0.91912,0.17486,1.43642,1.41304,1.17901,1.52116,0.002839,0.002839,0.002839
219,137373,1.3435,1.19517,1.10327,1.26436,0.46467,0.38578,0.3682,0.20717,0.47962,0.91955,0.17756,1.43662,1.41302,1.17896,1.51956,0.002806,0.002806,0.002806
220,138000,1.343,1.19578,1.10474,1.26096,0.46585,0.38742,0.36872,0.2074,0.48176,0.91965,0.18056,1.43678,1.4127,1.17898,1.5179,0.002773,0.002773,0.002773
221,138622,1.34148,1.1972,1.1051,1.25671,0.46443,0.38968,0.36862,0.20744,0.48176,0.91933,0.18089,1.43706,1.41245,1.17925,1.51708,0.00274,0.00274,0.00274
222,139247,1.34603,1.20109,1.10163,1.25293,0.46595,0.3891,0.36897,0.20768,0.48455,0.91901,0.18391,1.43692,1.41273,1.17917,1.5153,0.002707,0.002707,0.002707
223,139875,1.34229,1.19019,1.10399,1.25077,0.46453,0.39105,0.36894,0.20785,0.48605,0.9189,0.18525,1.43712,1.41237,1.17913,1.51406,0.002674,0.002674,0.002674
224,140504,1.33977,1.19306,1.10159,1.24783,0.46907,0.38592,0.36979,0.20808,0.48627,0.91901,0.18558,1.43748,1.41217,1.1792,1.5129,0.002641,0.002641,0.002641
225,141126,1.33933,1.18682,1.10226,1.25306,0.4697,0.38596,0.36973,0.2082,0.4853,0.91922,0.18658,1.43784,1.41175,1.17941,1.51314,0.002608,0.002608,0.002608
226,141755,1.34279,1.1845,1.10351,1.24725,0.47232,0.38541,0.37047,0.20861,0.48402,0.91944,0.18511,1.43836,1.41129,1.17975,1.51346,0.002575,0.002575,0.002575
227,142376,1.34208,1.18493,1.10186,1.24986,0.47318,0.38457,0.371,0.20891,0.48455,0.91922,0.18397,1.43889,1.4116,1.17981,1.5123,0.002542,0.002542,0.002542
228,143005,1.33471,1.18102,1.09859,1.23655,0.4733,0.38634,0.37104,0.2087,0.4853,0.91944,0.18523,1.43955,1.41195,1.17993,1.51065,0.002509,0.002509,0.002509
229,143631,1.33229,1.17697,1.09904,1.23773,0.47054,0.38708,0.37088,0.20881,0.48616,0.91965,0.1861,1.43995,1.41204,1.17994,1.50987,0.002476,0.002476,0.002476
230,144262,1.33275,1.17848,1.09803,1.24241,0.46937,0.38796,0.37058,0.20857,0.4853,0.91976,0.18837,1.43997,1.41248,1.1799,1.51004,0.002443,0.002443,0.002443
231,144896,1.33093,1.17364,1.09733,1.23575,0.47135,0.38788,0.37075,0.20859,0.48605,0.91965,0.18934,1.44034,1.41238,1.18005,1.50952,0.00241,0.00241,0.00241
232,145529,1.33089,1.17333,1.09753,1.22795,0.47411,0.38789,0.37099,0.20886,0.48723,0.91965,0.19153,1.44063,1.41282,1.18009,1.50897,0.002377,0.002377,0.002377
233,146158,1.33019,1.1709,1.09764,1.22593,0.4747,0.38777,0.37119,0.20881,0.48627,0.91987,0.19017,1.44114,1.41288,1.18036,1.50909,0.002344,0.002344,0.002344
234,146784,1.32633,1.16659,1.09562,1.22221,0.47178,0.39046,0.37118,0.20871,0.48756,0.91965,0.19172,1.44169,1.41297,1.18068,1.50839,0.002311,0.002311,0.002311
235,147417,1.32544,1.16205,1.09439,1.22734,0.47143,0.39011,0.37118,0.20862,0.48638,0.91997,0.19101,1.44205,1.41312,1.18092,1.50785,0.002278,0.002278,0.002278
236,148049,1.32679,1.16585,1.09511,1.21781,0.47024,0.39021,0.371,0.20858,0.49002,0.92008,0.19475,1.44241,1.41349,1.18106,1.5051,0.002245,0.002245,0.002245
237,148685,1.32354,1.15819,1.09324,1.21299,0.47215,0.39005,0.37116,0.20871,0.49195,0.92051,0.19755,1.44256,1.4139,1.18104,1.50249,0.002212,0.002212,0.002212
238,149305,1.32407,1.15419,1.09319,1.21685,0.47327,0.38883,0.3713,0.20863,0.49271,0.9204,0.19784,1.44307,1.4144,1.18133,1.50137,0.002179,0.002179,0.002179
239,149944,1.31939,1.15729,1.0928,1.21521,0.48089,0.38667,0.3717,0.20875,0.49324,0.92008,0.19836,1.44332,1.41447,1.18124,1.50153,0.002146,0.002146,0.002146
240,150568,1.32288,1.15349,1.09372,1.20729,0.4794,0.38865,0.37195,0.20876,0.49238,0.92008,0.19843,1.44414,1.4147,1.18171,1.50138,0.002113,0.002113,0.002113
241,151211,1.32209,1.14611,1.09269,1.20777,0.48046,0.38718,0.37197,0.20898,0.49324,0.92008,0.20006,1.44483,1.41475,1.18199,1.50058,0.00208,0.00208,0.00208
242,151836,1.32202,1.14435,1.09199,1.2011,0.48005,0.3887,0.37221,0.20907,0.49303,0.91997,0.19944,1.44559,1.41489,1.18229,1.50063,0.002047,0.002047,0.002047
243,152471,1.3184,1.14437,1.08971,1.20524,0.48302,0.38691,0.37235,0.20901,0.49442,0.91997,0.20131,1.44613,1.41534,1.18251,1.49962,0.002014,0.002014,0.002014
244,153095,1.31803,1.14341,1.09006,1.20549,0.48729,0.3865,0.37241,0.20918,0.49571,0.9204,0.20281,1.44649,1.41567,1.1824,1.4995,0.001981,0.001981,0.001981
245,153734,1.31328,1.13899,1.08899,1.1977,0.4867,0.38696,0.372,0.2092,0.4956,0.92019,0.20317,1.44729,1.41613,1.1826,1.4993,0.001948,0.001948,0.001948
246,154359,1.31341,1.13863,1.09009,1.20269,0.48785,0.38621,0.37238,0.2093,0.49625,0.9203,0.20377,1.44769,1.41603,1.18282,1.49896,0.001915,0.001915,0.001915
247,154990,1.31439,1.13312,1.08803,1.19057,0.48431,0.38868,0.37263,0.20938,0.49635,0.9203,0.20426,1.4481,1.41606,1.18278,1.49803,0.001882,0.001882,0.001882
248,155615,1.31267,1.13246,1.08872,1.18408,0.48672,0.38788,0.37246,0.20924,0.49625,0.92051,0.20387,1.44841,1.41617,1.1829,1.49638,0.001849,0.001849,0.001849
249,156247,1.30897,1.13178,1.08813,1.18845,0.48521,0.38894,0.37247,0.2092,0.49764,0.92019,0.20581,1.44885,1.4166,1.18325,1.49457,0.001816,0.001816,0.001816
250,156879,1.30773,1.12711,1.08587,1.18337,0.48386,0.3889,0.37245,0.20902,0.49796,0.91997,0.20556,1.44925,1.41707,1.1834,1.49386,0.001783,0.001783,0.001783
251,157507,1.3046,1.12267,1.08494,1.17936,0.48781,0.3884,0.37255,0.209,0.49936,0.92019,0.20858,1.44979,1.41737,1.18366,1.49342,0.00175,0.00175,0.00175
252,158131,1.30329,1.1191,1.08535,1.18004,0.4906,0.38612,0.37231,0.20912,0.49925,0.92008,0.20889,1.45008,1.41754,1.18376,1.49331,0.001717,0.001717,0.001717
253,158771,1.30232,1.11447,1.08101,1.17336,0.48294,0.38846,0.3724,0.20911,0.49796,0.92008,0.2075,1.45084,1.41781,1.18409,1.49392,0.001684,0.001684,0.001684
254,159400,1.30585,1.11992,1.08656,1.17752,0.48415,0.38822,0.37227,0.2092,0.49946,0.91997,0.21266,1.45121,1.41803,1.18426,1.49157,0.001651,0.001651,0.001651
255,160031,1.30223,1.10951,1.08355,1.16627,0.48403,0.39033,0.3724,0.20923,0.5,0.9204,0.21408,1.45143,1.41842,1.18406,1.49076,0.001618,0.001618,0.001618
256,160661,1.29739,1.10943,1.08141,1.15421,0.48478,0.39101,0.37229,0.20921,0.50182,0.92062,0.21664,1.45203,1.41934,1.18443,1.4887,0.001585,0.001585,0.001585
257,161291,1.29538,1.10751,1.08034,1.16493,0.48691,0.39216,0.37238,0.20895,0.50365,0.92073,0.2187,1.45276,1.41989,1.18475,1.48719,0.001552,0.001552,0.001552
258,161924,1.29852,1.10705,1.08262,1.15667,0.48619,0.39207,0.37264,0.20889,0.50408,0.92062,0.21893,1.45325,1.42058,1.18488,1.48644,0.001519,0.001519,0.001519
259,162557,1.29417,1.09956,1.07928,1.16044,0.48835,0.39017,0.37272,0.20913,0.50536,0.92073,0.22109,1.45397,1.42123,1.18523,1.48453,0.001486,0.001486,0.001486
260,163192,1.29247,1.0999,1.07936,1.16575,0.48665,0.39003,0.37318,0.20906,0.50579,0.92083,0.2225,1.45462,1.42148,1.18556,1.48281,0.001453,0.001453,0.001453
261,163828,1.29655,1.10091,1.08031,1.16435,0.48873,0.39012,0.3733,0.20902,0.5074,0.92083,0.22394,1.45541,1.42176,1.18596,1.48088,0.00142,0.00142,0.00142
262,164475,1.29186,1.09213,1.07769,1.15787,0.48687,0.38978,0.37321,0.20885,0.50729,0.92083,0.22428,1.4561,1.42171,1.18623,1.47973,0.001387,0.001387,0.001387
263,165109,1.28734,1.0893,1.07632,1.14931,0.48728,0.39032,0.37357,0.20906,0.50751,0.92094,0.22559,1.45634,1.42248,1.18623,1.47924,0.001354,0.001354,0.001354
264,165758,1.2897,1.08971,1.078,1.14371,0.48835,0.39221,0.37359,0.20902,0.50912,0.92083,0.22826,1.45657,1.42274,1.18632,1.47796,0.001321,0.001321,0.001321
265,166387,1.2876,1.08538,1.07529,1.1512,0.48708,0.39279,0.37412,0.20917,0.51083,0.92083,0.23217,1.4574,1.42365,1.18667,1.47695,0.001288,0.001288,0.001288
266,167038,1.28421,1.08168,1.07389,1.13773,0.48609,0.39175,0.37367,0.20893,0.51201,0.92094,0.23381,1.45786,1.42429,1.18689,1.47547,0.001255,0.001255,0.001255
267,167678,1.28268,1.07922,1.07281,1.13574,0.48866,0.39018,0.37392,0.20914,0.51159,0.92083,0.23231,1.45862,1.42494,1.18733,1.4745,0.001222,0.001222,0.001222
268,168322,1.28213,1.07815,1.07423,1.13914,0.48899,0.38875,0.37408,0.20926,0.51041,0.92062,0.23133,1.4589,1.42572,1.18753,1.47504,0.001189,0.001189,0.001189
269,168949,1.27824,1.0716,1.07286,1.1386,0.48305,0.3902,0.37355,0.20895,0.51062,0.9203,0.23175,1.45955,1.42651,1.18786,1.47484,0.001156,0.001156,0.001156
270,169601,1.27859,1.06855,1.0715,1.12883,0.48529,0.38995,0.37327,0.20903,0.51083,0.9204,0.23251,1.46026,1.42654,1.1883,1.4747,0.001123,0.001123,0.001123
271,170229,1.26869,1.06217,1.06816,1.12755,0.485,0.38964,0.37328,0.20899,0.5118,0.92008,0.23322,1.46109,1.42684,1.18878,1.47367,0.00109,0.00109,0.00109
272,170870,1.27546,1.06301,1.07019,1.12968,0.4829,0.39072,0.3727,0.20881,0.51244,0.91987,0.23314,1.46183,1.42717,1.18917,1.47326,0.001057,0.001057,0.001057
273,171497,1.27629,1.06586,1.07168,1.12777,0.48221,0.39168,0.3728,0.20874,0.51094,0.92008,0.23077,1.46229,1.42777,1.18948,1.47308,0.001024,0.001024,0.001024
274,172142,1.26806,1.05969,1.06731,1.12145,0.48253,0.39076,0.37285,0.20856,0.51019,0.91987,0.23066,1.46272,1.42806,1.18974,1.47287,0.000991,0.000991,0.000991
275,172774,1.2626,1.05506,1.06777,1.12267,0.48092,0.39236,0.37283,0.20871,0.51073,0.91987,0.23012,1.46338,1.42854,1.19007,1.47233,0.000958,0.000958,0.000958
276,173416,1.26883,1.05579,1.0688,1.10767,0.48169,0.39163,0.37298,0.20859,0.51137,0.91987,0.23028,1.46427,1.42944,1.19048,1.47297,0.000925,0.000925,0.000925
277,174040,1.26453,1.05076,1.06697,1.10579,0.48307,0.39149,0.37279,0.20849,0.51116,0.91933,0.22962,1.46518,1.43003,1.19099,1.47371,0.000892,0.000892,0.000892
278,174675,1.25757,1.04379,1.06252,1.10394,0.48395,0.39087,0.37287,0.20855,0.51169,0.91944,0.23062,1.46594,1.43049,1.19131,1.47342,0.000859,0.000859,0.000859
279,175307,1.26066,1.04237,1.0644,1.10849,0.48073,0.39177,0.37276,0.20834,0.51159,0.91944,0.23046,1.46649,1.43148,1.19153,1.47418,0.000826,0.000826,0.000826
280,175958,1.26031,1.04048,1.06209,1.1027,0.47905,0.3926,0.37271,0.20842,0.51137,0.91955,0.23004,1.46694,1.43229,1.19177,1.47432,0.000793,0.000793,0.000793
281,176591,1.25796,1.03564,1.0633,1.09962,0.47837,0.39262,0.3724,0.20823,0.51148,0.91955,0.22932,1.4677,1.4328,1.19202,1.47432,0.00076,0.00076,0.00076
282,177232,1.25771,1.03447,1.06329,1.10525,0.47735,0.39313,0.37246,0.20809,0.51094,0.91933,0.22799,1.46873,1.43321,1.19241,1.47523,0.000727,0.000727,0.000727
283,177866,1.25199,1.03127,1.06131,1.09421,0.47868,0.39185,0.37248,0.20825,0.51169,0.91933,0.22927,1.46957,1.43379,1.19292,1.47381,0.000694,0.000694,0.000694
284,178497,1.24767,1.02598,1.0613,1.09194,0.47746,0.39336,0.37236,0.20825,0.51287,0.91912,0.23023,1.47074,1.43468,1.19358,1.47173,0.000661,0.000661,0.000661
285,179148,1.25061,1.02485,1.05857,1.08615,0.47633,0.39258,0.37228,0.20787,0.51169,0.91912,0.22849,1.47176,1.43546,1.19411,1.47255,0.000628,0.000628,0.000628
286,179784,1.24982,1.02175,1.06005,1.09826,0.47196,0.39462,0.37199,0.2077,0.51266,0.9189,0.23263,1.47277,1.43618,1.19464,1.47139,0.000595,0.000595,0.000595
287,180424,1.24493,1.01873,1.05693,1.07926,0.4715,0.39586,0.37209,0.20764,0.51287,0.91912,0.23362,1.47386,1.43696,1.1952,1.47114,0.000562,0.000562,0.000562
288,181058,1.2462,1.01788,1.05817,1.07804,0.47447,0.39359,0.37232,0.20748,0.51266,0.91922,0.234,1.47464,1.43774,1.1956,1.4707,0.000529,0.000529,0.000529
289,181737,1.24218,1.01035,1.05752,1.07267,0.47276,0.39403,0.3722,0.20736,0.5133,0.91933,0.23599,1.476,1.43906,1.19639,1.4701,0.000496,0.000496,0.000496
290,182375,1.24128,1.00954,1.05625,1.06737,0.47419,0.39331,0.37199,0.20735,0.51577,0.91933,0.23808,1.47721,1.43988,1.19702,1.46928,0.000463,0.000463,0.000463
291,183040,1.20227,0.92487,1.04768,0.3658,0.47189,0.39391,0.37171,0.20696,0.54452,0.92019,0.27116,1.47814,1.441,1.19761,1.43693,0.00043,0.00043,0.00043
292,183672,1.19521,0.9109,1.04688,0.28264,0.4727,0.39433,0.37174,0.20696,0.57809,0.92094,0.3057,1.47906,1.44234,1.19827,1.39724,0.000397,0.000397,0.000397
293,184313,1.18687,0.89808,1.04204,0.26318,0.47298,0.39331,0.37159,0.20682,0.60148,0.92201,0.33587,1.48022,1.44348,1.19892,1.35994,0.000364,0.000364,0.000364
294,184933,1.18326,0.89593,1.04057,0.24677,0.47459,0.39302,0.37158,0.20694,0.61521,0.92298,0.35537,1.48109,1.44444,1.19957,1.32991,0.000331,0.000331,0.000331
295,185565,1.17995,0.89141,1.03914,0.23786,0.47303,0.39293,0.37155,0.20674,0.61832,0.92319,0.36633,1.48187,1.44598,1.20006,1.30997,0.000298,0.000298,0.000298
296,186186,1.17783,0.8818,1.03847,0.22846,0.47337,0.39217,0.37164,0.20681,0.62229,0.9233,0.37665,1.48334,1.44699,1.20106,1.30153,0.000265,0.000265,0.000265
297,186809,1.17459,0.87701,1.03544,0.21336,0.47612,0.39108,0.372,0.2068,0.62176,0.92362,0.38098,1.48485,1.44838,1.20191,1.3034,0.000232,0.000232,0.000232
298,187426,1.1723,0.87388,1.03531,0.21094,0.47552,0.39127,0.37206,0.20658,0.61993,0.92362,0.38278,1.48607,1.44997,1.20271,1.31384,0.000199,0.000199,0.000199
299,188057,1.16994,0.87115,1.03499,0.20657,0.47512,0.38994,0.37188,0.20648,0.61875,0.92405,0.38168,1.48776,1.4516,1.2037,1.33126,0.000166,0.000166,0.000166
300,188681,1.16887,0.86667,1.03537,0.19911,0.47695,0.38887,0.37179,0.20651,0.61671,0.92512,0.38287,1.48883,1.45292,1.20443,1.35385,0.000133,0.000133,0.000133
